ID,legalName,tradingName,companyRegistrationNumber,placeOfRegistration,dunsNumber,registeredOfficeAddress,billingAddress,primaryContactName,primaryContactTitle,primaryContactPhone,primaryContactEmail,poRecipientEmail,arContactEmail,vatId,taxId,taxResidencyCertificate,w8beneForm,w9Form,eoriNumber,accountHolderName,bankName,bankBranchAddress,iban,swiftBic,routingNumber,sortCode,preferredCurrency,standardPaymentTerms
"3f3b8c2e-8b6a-4a7a-9a9a-1f2d3c4b5a60","Nordstern Verpackungen GmbH","Nordstern Packaging","HRB 123456","Frankfurt am Main, DE","313456789","Mainzer Landstraße 12, 60325 Frankfurt am Main, Germany","Accounts Payable, Postfach 200145, 60318 Frankfurt am Main, Germany","Hannah Keller","Head of Sales"," +49 69 555 0101","hannah.keller@nordstern-example.com","orders@nordstern-example.com","ar@nordstern-example.com","DE123456789","DE-TAX-FFM-778899",true,false,false,"DE123456789012345","Nordstern Verpackungen GmbH","Deutsche Bank AG","Taunusanlage 12, 60325 Frankfurt am Main, Germany","DE89370400440532013000","DEUTDEFFXXX","","","EUR","Net 30"
"8a0f1a6b-0d12-4c22-9ed3-0c7e2a9b1c11","Rivière Fournitures SARL","Rivière","RCS Paris 987 654 321","Paris, FR","401234567","10 Rue de l'Industrie, 75010 Paris, France","10 Rue de l'Industrie, 75010 Paris, France","Élodie Martin","Account Manager","+33 1 55 01 02 03","elodie.martin@riviere-example.com","po@riviere-example.com","ar@riviere-example.com","FR12345678901","FR-TAX-445566",true,false,false,"FR12345678900012","Rivière Fournitures SARL","BNP Paribas","16 Boulevard des Italiens, 75009 Paris, France","FR1420041010050500013M02606","BNPAFRPPXXX","","","EUR","2% 10, Net 30"
"1c4c2f7d-1a3d-4b6f-9a7a-2bb3c5d6e7f8","Baltic Components UAB","BalticCo","302345678","Vilnius, LT","512345678","Konstitucijos pr. 7, LT-09308 Vilnius, Lithuania","Invoice Center, Konstitucijos pr. 7, LT-09308 Vilnius, Lithuania","Mantas Jankauskas","Finance Contact","+370 5 212 3456","mantas.jankauskas@balticco-example.com","po@balticco-example.com","ar@balticco-example.com","LT123456789","LT-TAX-112233",false,false,false,"LT123456789012","Baltic Components UAB","Swedbank AB","Konstitucijos pr. 20A, LT-03502 Vilnius, Lithuania","LT121000011101001000","SANDLT22XXX","","","EUR","Net 14"
"5d6e7f80-1234-4abc-9def-112233445566","Maple Tech Supplies Inc.","MapleTech","ON-CRN-778899","Toronto, CA","623456789","200 King St W, Toronto, ON M5H 3T4, Canada","AP Department, 200 King St W, Toronto, ON M5H 3T4, Canada","Jordan Lee","Operations Manager","+1 416 555 0199","jordan.lee@mapletech-example.com","po@mapletech-example.com","ar@mapletech-example.com","","CA-TAX-998877",false,false,false,"","Maple Tech Supplies Inc.","Royal Bank of Canada","180 Wellington St W, Toronto, ON M5J 0C2, Canada","","ROYCCAT2","","","CAD","Net 30"
"aa9b0c1d-2e3f-4a5b-8c9d-0e1f2a3b4c5d","Sunrise Industrial LLC","Sunrise","US-DE-556677","Wilmington, US","734567890","101 Market St, Wilmington, DE 19801, USA","Invoice Processing, 101 Market St, Wilmington, DE 19801, USA","Taylor Brooks","AR Specialist","+1 302 555 0147","taylor.brooks@sunrise-example.com","po@sunrise-example.com","ar@sunrise-example.com","","US-EIN-12-3456789",false,false,true,"","Sunrise Industrial LLC","JPMorgan Chase Bank, N.A.","270 Park Ave, New York, NY 10017, USA","","CHASUS33XXX","021000021","","USD","Net 45"
